id;code;title;short_description;data;meta;created_date;language_id
1;type;invalid;../fake-data/blob/hipster.txt;../fake-data/blob/hipster.txt;../fake-data/blob/hipster.txt;2024-06-09;1
2;before beware fair;scented how;../fake-data/blob/hipster.txt;../fake-data/blob/hipster.txt;../fake-data/blob/hipster.txt;2024-06-09;2
3;suddenly minor;toward hm disperse;../fake-data/blob/hipster.txt;../fake-data/blob/hipster.txt;../fake-data/blob/hipster.txt;2024-06-10;3
4;to educated forenenst;hungrily although into;../fake-data/blob/hipster.txt;../fake-data/blob/hipster.txt;../fake-data/blob/hipster.txt;2024-06-10;4
5;ouch;correctly;../fake-data/blob/hipster.txt;../fake-data/blob/hipster.txt;../fake-data/blob/hipster.txt;2024-06-09;5
6;busily everlasting;reliable;../fake-data/blob/hipster.txt;../fake-data/blob/hipster.txt;../fake-data/blob/hipster.txt;2024-06-09;6
7;during;oh although;../fake-data/blob/hipster.txt;../fake-data/blob/hipster.txt;../fake-data/blob/hipster.txt;2024-06-09;7
8;er onto new;since;../fake-data/blob/hipster.txt;../fake-data/blob/hipster.txt;../fake-data/blob/hipster.txt;2024-06-09;8
9;pathogenesis harvest steep;arena enterprise;../fake-data/blob/hipster.txt;../fake-data/blob/hipster.txt;../fake-data/blob/hipster.txt;2024-06-09;9
10;after behind;while;../fake-data/blob/hipster.txt;../fake-data/blob/hipster.txt;../fake-data/blob/hipster.txt;2024-06-09;10
