id;code;title;alt;filename;data;data_content_type;created_date
1;up astride;now opportunist;once meanwhile enrage;off;../fake-data/blob/hipster.png;image/png;2024-06-10
2;apropos duh yuck;eyelids uselessly except;thirsty rudiment quarrelsomely;parking oh;../fake-data/blob/hipster.png;image/png;2024-06-09
3;sponsorship quirkily;yuck into fooey;the lest racer;successfully;../fake-data/blob/hipster.png;image/png;2024-06-09
4;gosh chauffeur because;fake upliftingly annually;outrageous;wretched;../fake-data/blob/hipster.png;image/png;2024-06-10
5;unless;farrow beneath while;willfully;given;../fake-data/blob/hipster.png;image/png;2024-06-10
6;temptress;soulful;for opposite;ready;../fake-data/blob/hipster.png;image/png;2024-06-10
7;oddly;by;crew hidden;deeply carefree whoever;../fake-data/blob/hipster.png;image/png;2024-06-09
8;wildcat;underneath;which;zigzag wonderful;../fake-data/blob/hipster.png;image/png;2024-06-09
9;alarmed veteran equally;detective boohoo;imperturbable longingly;yippee lazily psst;../fake-data/blob/hipster.png;image/png;2024-06-09
10;an meanwhile;masculine;lest welcome;aw seldom tricky;../fake-data/blob/hipster.png;image/png;2024-06-10
