id;name;email;mobile;age;gender;nationality;created_date
1;until until hot;Jackeline_Kautzer-Leannon61@yahoo.com;so;10060;officially;lisp within unwieldy;2024-06-10T03:58:20
2;so project;Torey.Schinner@gmail.com;dehydrate;31370;thin mob regulator;ouch for;2024-06-09T22:09:55
3;athwart softly;Kristopher_Johnson@hotmail.com;impossible;31493;however classic;strict woot;2024-06-10T03:38:50
4;sweetly cheep;Ola83@gmail.com;warren lovable optimistically;2717;arise amid handcuff;since fast;2024-06-10T04:17:52
5;sharply bulge;Bridget.Gerlach@yahoo.com;truss dreamily;8754;resist against sociable;willfully misapply;2024-06-09T13:08:57
6;raw aha plod;Hilario_Ratke39@yahoo.com;eventually;3386;liner;granular excepting;2024-06-10T00:09:34
7;as;Brenda5@gmail.com;withdrawal approval against;2787;thoughtful;spacing bitmap safely;2024-06-09T11:11:47
8;save excluding;Adah.Stokes21@gmail.com;metabolize tensely;2329;closely restfully someone;bashfully;2024-06-10T06:01:48
9;failing coarse;Elmer_Runte@gmail.com;charm oh uncurl;24784;meanwhile though provided;for anenst;2024-06-10T07:29:51
10;for straight nor;Billy48@gmail.com;yahoo unless;17923;anti bah;uh-huh unless;2024-06-09T18:05:42
